{"cameraMode":{"drawMode":0,"name":"Shaded","section":"Shading Mode"},"sceneLighting":false,"audioPlay":false,"sceneViewState":{"showFog":true,"showMaterialUpdate":false,"showSkybox":false,"showFlares":true,"showImageEffects":true,"showParticleSystems":true},"in2DMode":false,"pivot":{"x":-2.5551114082336427,"y":-2.334329605102539,"z":13.4721097946167},"rotation":{"x":0.34292805194854739,"y":0.16474393010139466,"z":-0.061258647590875629,"w":0.9227948188781738},"size":38.66693115234375,"orthographic":false}