{"cameraMode":{"drawMode":0,"name":"Shaded","section":"Shading Mode"},"sceneLighting":false,"audioPlay":false,"sceneViewState":{"showFog":true,"showMaterialUpdate":false,"showSkybox":false,"showFlares":true,"showImageEffects":true,"showParticleSystems":true},"in2DMode":false,"pivot":{"x":3.5460050106048586,"y":1.7044459581375123,"z":-9.5367431640625e-7},"rotation":{"x":0.3501061797142029,"y":0.07264982163906098,"z":-0.027277199551463128,"w":0.9335129261016846},"size":16.90862464904785,"orthographic":false}