{"cameraMode":{"drawMode":0,"name":"Shaded","section":"Shading Mode"},"sceneLighting":false,"audioPlay":false,"sceneViewState":{"showFog":true,"showMaterialUpdate":false,"showSkybox":false,"showFlares":true,"showImageEffects":true,"showParticleSystems":true},"in2DMode":false,"pivot":{"x":3.5460050106048586,"y":1.7044459581375123,"z":-9.5367431640625e-7},"rotation":{"x":-0.0016839040908962489,"y":-0.9737035036087036,"z":0.2277906984090805,"w":-0.007334965746849775},"size":16.18050193786621,"orthographic":false}