{"cameraMode":{"drawMode":0,"name":"Shaded","section":"Shading Mode"},"sceneLighting":false,"audioPlay":false,"sceneViewState":{"showFog":true,"showMaterialUpdate":false,"showSkybox":false,"showFlares":true,"showImageEffects":true,"showParticleSystems":true},"in2DMode":false,"pivot":{"x":0.3275351822376251,"y":0.46821296215057375,"z":-0.33228209614753725},"rotation":{"x":0.0011488855816423894,"y":0.9946023225784302,"z":-0.10331077128648758,"w":0.01105480920523405},"size":1.8756086826324463,"orthographic":false}