{"cameraMode":{"drawMode":0,"name":"Shaded","section":"Shading Mode"},"sceneLighting":false,"audioPlay":false,"sceneViewState":{"showFog":true,"showMaterialUpdate":false,"showSkybox":false,"showFlares":true,"showImageEffects":true,"showParticleSystems":true},"in2DMode":false,"pivot":{"x":4.844374179840088,"y":-4.117165565490723,"z":12.11076545715332},"rotation":{"x":-0.0487029142677784,"y":-0.9451027512550354,"z":0.27721497416496279,"w":-0.16616246104240418},"size":31.911853790283204,"orthographic":false}