{"cameraMode":{"drawMode":0,"name":"Shaded","section":"Shading Mode"},"sceneLighting":false,"audioPlay":false,"sceneViewState":{"showFog":true,"showMaterialUpdate":false,"showSkybox":false,"showFlares":true,"showImageEffects":true,"showParticleSystems":true},"in2DMode":false,"pivot":{"x":0.22016870975494386,"y":0.4905613660812378,"z":5.960464477539063e-8},"rotation":{"x":-0.30169984698295596,"y":0.6009615063667297,"z":-0.2619225084781647,"w":-0.6922776103019714},"size":5.650534629821777,"orthographic":false}