{"cameraMode":{"drawMode":0,"name":"Shaded","section":"Shading Mode"},"sceneLighting":false,"audioPlay":false,"sceneViewState":{"showFog":true,"showMaterialUpdate":false,"showSkybox":false,"showFlares":true,"showImageEffects":true,"showParticleSystems":true},"in2DMode":false,"pivot":{"x":-0.0031423568725585939,"y":0.08977818489074707,"z":9.0},"rotation":{"x":-0.0016839040908962489,"y":-0.9737035036087036,"z":0.2277906984090805,"w":-0.007334965746849775},"size":37.13011932373047,"orthographic":false}