{"cameraMode":{"drawMode":0,"name":"Shaded","section":"Shading Mode"},"sceneLighting":false,"audioPlay":false,"sceneViewState":{"showFog":true,"showMaterialUpdate":false,"showSkybox":false,"showFlares":true,"showImageEffects":true,"showParticleSystems":true},"in2DMode":false,"pivot":{"x":6.956005096435547,"y":1.7044459581375123,"z":-9.5367431640625e-7},"rotation":{"x":0.35384804010391238,"y":0.024938583374023439,"z":-0.009468779899179936,"w":0.9349460005760193},"size":16.18050193786621,"orthographic":false}