{"cameraMode":{"drawMode":0,"name":"Shaded","section":"Shading Mode"},"sceneLighting":true,"audioPlay":false,"sceneViewState":{"showFog":true,"showMaterialUpdate":false,"showSkybox":true,"showFlares":true,"showImageEffects":true,"showParticleSystems":true},"in2DMode":false,"pivot":{"x":1.5015361309051514,"y":0.7026250958442688,"z":82.17483520507813},"rotation":{"x":-0.11232396215200424,"y":0.7449370622634888,"z":-0.12979407608509065,"w":-0.6446964144706726},"size":6.967631816864014,"orthographic":false}