{"cameraMode":{"drawMode":0,"name":"Shaded","section":"Shading Mode"},"sceneLighting":false,"audioPlay":false,"sceneViewState":{"showFog":true,"showMaterialUpdate":false,"showSkybox":false,"showFlares":true,"showImageEffects":true,"showParticleSystems":true},"in2DMode":false,"pivot":{"x":9.729093551635743,"y":1.5574455261230469,"z":3.7437562942504885},"rotation":{"x":0.5391680598258972,"y":-0.2236630618572235,"z":0.15113317966461183,"w":0.7977951765060425},"size":19.89369010925293,"orthographic":false}