{"cameraMode":{"drawMode":0,"name":"Shaded","section":"Shading Mode"},"sceneLighting":true,"audioPlay":false,"sceneViewState":{"showFog":true,"showMaterialUpdate":false,"showSkybox":true,"showFlares":true,"showImageEffects":true,"showParticleSystems":true},"in2DMode":false,"pivot":{"x":-6.68319845199585,"y":-3.87981915473938,"z":35.59883117675781},"rotation":{"x":-0.39087820053100588,"y":-0.5849191546440125,"z":0.38113662600517275,"w":-0.5998771786689758},"size":42.15547561645508,"orthographic":false}