{"cameraMode":{"drawMode":0,"name":"Shaded","section":"Shading Mode"},"sceneLighting":false,"audioPlay":false,"sceneViewState":{"showFog":true,"showMaterialUpdate":false,"showSkybox":false,"showFlares":true,"showImageEffects":true,"showParticleSystems":true},"in2DMode":false,"pivot":{"x":-2.5349254608154299,"y":6.381574630737305,"z":-5.125340461730957},"rotation":{"x":0.5263227820396423,"y":-0.3502570688724518,"z":0.25151899456977847,"w":0.7328639626502991},"size":20.21226692199707,"orthographic":false}