{"cameraMode":{"drawMode":0,"name":"Shaded","section":"Shading Mode"},"sceneLighting":false,"audioPlay":false,"sceneViewState":{"showFog":true,"showMaterialUpdate":false,"showSkybox":false,"showFlares":true,"showImageEffects":true,"showParticleSystems":true},"in2DMode":false,"pivot":{"x":2.317605972290039,"y":-3.3507890701293947,"z":1.1988344192504883},"rotation":{"x":-0.30169984698295596,"y":0.6009615063667297,"z":-0.2619225084781647,"w":-0.6922776103019714},"size":24.53673553466797,"orthographic":false}