{"cameraMode":{"drawMode":0,"name":"Shaded","section":"Shading Mode"},"sceneLighting":false,"audioPlay":false,"sceneViewState":{"showFog":true,"showMaterialUpdate":false,"showSkybox":false,"showFlares":true,"showImageEffects":true,"showParticleSystems":true},"in2DMode":false,"pivot":{"x":0.17890262603759767,"y":0.05305886268615723,"z":-1.1011614799499512},"rotation":{"x":0.055065304040908816,"y":0.910923182964325,"z":-0.12929844856262208,"w":0.38794252276420596},"size":5.358616352081299,"orthographic":false}