{"cameraMode":{"drawMode":0,"name":"Shaded","section":"Shading Mode"},"sceneLighting":false,"audioPlay":false,"sceneViewState":{"showFog":true,"showMaterialUpdate":false,"showSkybox":false,"showFlares":true,"showImageEffects":true,"showParticleSystems":true},"in2DMode":false,"pivot":{"x":-0.25471019744873049,"y":2.9946396350860597,"z":0.06736183166503906},"rotation":{"x":0.06797052174806595,"y":-0.9308782815933228,"z":0.22809623181819917,"w":0.2772447466850281},"size":17.59454345703125,"orthographic":false}