{"cameraMode":{"drawMode":0,"name":"Shaded","section":"Shading Mode"},"sceneLighting":false,"audioPlay":false,"sceneViewState":{"showFog":true,"showMaterialUpdate":false,"showSkybox":false,"showFlares":true,"showImageEffects":true,"showParticleSystems":true},"in2DMode":false,"pivot":{"x":-4.238411903381348,"y":10.88438606262207,"z":3.2476749420166017},"rotation":{"x":0.37243664264678957,"y":-0.07120297104120255,"z":0.02864266000688076,"w":0.9249035120010376},"size":47.82078170776367,"orthographic":false}