{"cameraMode":{"drawMode":0,"name":"Shaded","section":"Shading Mode"},"sceneLighting":true,"audioPlay":false,"sceneViewState":{"showFog":true,"showMaterialUpdate":false,"showSkybox":true,"showFlares":true,"showImageEffects":true,"showParticleSystems":true},"in2DMode":false,"pivot":{"x":-2.244074821472168,"y":-1.1806392669677735,"z":81.23980712890625},"rotation":{"x":0.09144671261310578,"y":-0.9028207063674927,"z":0.23852285742759705,"w":0.34598681330680849},"size":43.810997009277347,"orthographic":false}