{"cameraMode":{"drawMode":0,"name":"Shaded","section":"Shading Mode"},"sceneLighting":false,"audioPlay":false,"sceneViewState":{"showFog":true,"showMaterialUpdate":false,"showSkybox":false,"showFlares":true,"showImageEffects":true,"showParticleSystems":true},"in2DMode":false,"pivot":{"x":-0.0031423568725585939,"y":0.08937817811965943,"z":9.0},"rotation":{"x":0.09144671261310578,"y":-0.9028207063674927,"z":0.23852285742759705,"w":0.34598681330680849},"size":37.13011932373047,"orthographic":false}