{"cameraMode":{"drawMode":0,"name":"Shaded","section":"Shading Mode"},"sceneLighting":false,"audioPlay":false,"sceneViewState":{"showFog":true,"showMaterialUpdate":false,"showSkybox":false,"showFlares":true,"showImageEffects":true,"showParticleSystems":true},"in2DMode":false,"pivot":{"x":0.0,"y":11.013612747192383,"z":4.259906768798828},"rotation":{"x":0.35384804010391238,"y":0.024938583374023439,"z":-0.009468779899179936,"w":0.9349460005760193},"size":18.991670608520509,"orthographic":false}