{"cameraMode":{"drawMode":0,"name":"Shaded","section":"Shading Mode"},"sceneLighting":false,"audioPlay":false,"sceneViewState":{"showFog":true,"showMaterialUpdate":false,"showSkybox":false,"showFlares":true,"showImageEffects":true,"showParticleSystems":true},"in2DMode":false,"pivot":{"x":-0.29986393451690676,"y":-0.27308377623558047,"z":-0.3157501518726349},"rotation":{"x":0.04747772589325905,"y":-0.9524746537208557,"z":0.207500159740448,"w":0.21797901391983033},"size":5.876895904541016,"orthographic":false}