{"cameraMode":{"drawMode":0,"name":"Shaded","section":"Shading Mode"},"sceneLighting":false,"audioPlay":false,"sceneViewState":{"showFog":true,"showMaterialUpdate":false,"showSkybox":false,"showFlares":true,"showImageEffects":true,"showParticleSystems":true},"in2DMode":false,"pivot":{"x":0.0012822747230529786,"y":0.5042104125022888,"z":-1.2484512329101563},"rotation":{"x":0.07819969952106476,"y":-0.9193235039710999,"z":0.2352348119020462,"w":0.305655837059021},"size":2.8132550716400148,"orthographic":false}