{"cameraMode":{"drawMode":0,"name":"Shaded","section":"Shading Mode"},"sceneLighting":false,"audioPlay":false,"sceneViewState":{"showFog":true,"showMaterialUpdate":false,"showSkybox":false,"showFlares":true,"showImageEffects":true,"showParticleSystems":true},"in2DMode":false,"pivot":{"x":0.0,"y":14.990411758422852,"z":8.273151397705079},"rotation":{"x":0.09144671261310578,"y":-0.9028207063674927,"z":0.23852285742759705,"w":0.34598681330680849},"size":145.1455841064453,"orthographic":false}