{"cameraMode":{"drawMode":0,"name":"Shaded","section":"Shading Mode"},"sceneLighting":false,"audioPlay":false,"sceneViewState":{"showFog":true,"showMaterialUpdate":false,"showSkybox":false,"showFlares":true,"showImageEffects":true,"showParticleSystems":true},"in2DMode":false,"pivot":{"x":0.0,"y":11.75528335571289,"z":4.287420272827148},"rotation":{"x":0.09144671261310578,"y":-0.9028207063674927,"z":0.23852285742759705,"w":0.34598681330680849},"size":136.76145935058595,"orthographic":false}