{"cameraMode":{"drawMode":0,"name":"Shaded","section":"Shading Mode"},"sceneLighting":false,"audioPlay":false,"sceneViewState":{"showFog":true,"showMaterialUpdate":false,"showSkybox":false,"showFlares":true,"showImageEffects":true,"showParticleSystems":true},"in2DMode":false,"pivot":{"x":3.930163621902466,"y":-11.627157211303711,"z":-0.4813750386238098},"rotation":{"x":-0.37466588616371157,"y":0.5678679347038269,"z":-0.32348790764808657,"w":-0.6577011942863464},"size":35.63839340209961,"orthographic":false}